account,topic1,topic2,topic3,topic4,topic5
0183f4659bd78bcd8da8aa3f0308a0a671fdc20f,Art,Travel,Comics,Style,Business
7d197242280309f7077a084f40193ad0895c9a90,Cryptocurrency,Technology,Privacy,Blockchain,Startups
20a14ade7697b60af8a006367bf6c385dc3ef5c1,Science,Basic Income,Education,Psychology,World
6afb8e37eb501ed040a3b8fb991609da9d21f171,True Crime,Money,Justice,Immigration,Women
1bf63fc1b9fed37bae8dd83f40ebd2aebb6351de,Makers,Gaming,Work,Media,Book Excerpts
5155f331950c8b931aa801e5ad148fc1afb4c8ae,Programming,iOS Dev,Android Dev,Software Engineering,Javascript
e501b23948715998437be6fb8fd66d71d3293a93,Cities,Environment,Lifestyle,Fitness,Music
3659f018658820d1ce30a5263cc3f1895d2a9f9f,Food,Health,Sports,Outdoors,Cannabis
105a0fbc37b92d69ff435bba898706107026d699,Mindfulness,Spirituality,Relationships,Race,Language
4625f21adbc093310f83e3eca09b4cb87f35a720,Film,TV,Podcasts,Writing,Marketing
9067fe4a65c6eb41364d2d0802ef3f2bd9f25d4a,Leadership,Product Management,Productivity,Venture Capital,Digital Life
85f14a54d22af24cd640702454e65261bf0f2738,Mental Health,Self,Sexuality,Society,Religion
9d59de2bd45253a5ec82c87059d6fa0c51c8a921,Philosophy,Gun Control,Addiction,Family,Pets
1c2407384641b77fee89f7ddd6db4216b4db777b,Self-Driving Cars,Artificial Intelligence,Data Science,Machine Learning,Math
688130ea500ca50c020dd19d6c07b5acb83b00ee,Psychedelics,Neuroscience,Creativity,Culture,Beauty
621ee69112bc615dce3de3f2d8e72ec2722853c9,Design,Visual Design,Freelancing,UX,Photography
a4a0e9df0c55992dcca7573f5b7221e0a41db5e1,Politics,LGBTQIA,Election 2020,Economy,History
134dde50930fc6d34bbebf70e6ad341d83c2711b,Future,Biotech,Space,Gadgets,Cybersecurity
678d4f2e441063c4358366f6f7d9c3d0b9eeb18d,Accessibility,Disability,Transportation,Parenting,Equality
5d37311a103ff870fa592fcef2c2c9445f2f5295,Social Media,Humor,Books,Fiction,Poetry
